nume_actiune,timestamp
addPatient,2021-04-24 18:33:18.828
addDoctor,2021-04-24 18:33:57.487
showOverview,2021-04-24 18:34:00.155
addAssistant,2021-04-24 18:34:34.056
addConsultation,2021-04-24 18:35:18.778
addAssistant,2021-04-24 18:35:57.188
showOverview,2021-04-24 18:35:59.839
statsStaff,2021-04-24 18:36:06.922
viewPatient,2021-04-24 18:36:15.586
viewStaff,2021-04-24 18:36:22.283
addSurgery,2021-04-24 18:37:54.994
viewAppointment,2021-04-24 18:37:59.918
removeStaff,2021-04-24 18:38:20.1
viewStaff,2021-04-24 18:38:23.135
updateStaff,2021-04-24 18:38:57.476
viewStaff,2021-04-24 18:39:02.953
updatePatient,2021-04-24 18:39:29.028
viewPatient,2021-04-24 18:39:33.036
updateAppointment,2021-04-24 18:40:11.631
viewAppointment,2021-04-24 18:40:15.164
addPatient,2021-04-24 18:51:19.518
viewPatient,2021-04-24 18:51:24.102
viewAppointment,2021-04-24 18:51:30.318
viewStaff,2021-04-24 18:51:34.67
addAssistant,2021-04-24 18:51:56.718
addAssistant,2021-04-24 18:52:19.783
viewAppointment,2021-04-24 18:52:23.727
viewStaff,2021-04-24 18:52:29.365
addPatient,2021-04-25 12:28:11.385
addAssistant,2021-04-25 12:28:39.218
addPatient,2021-04-25 12:29:26.784
addPatient,2021-04-25 13:17:00.477
addPatient,2021-04-25 13:17:00.516
viewPatient,2021-04-25 13:17:22.355
addPatient,2021-04-25 13:18:25.524
addPatient,2021-04-25 13:18:25.544
addPatient,2021-04-25 13:20:28.763
addPatient,2021-04-25 13:20:28.784
viewPatient,2021-04-25 13:20:32.838
addPatient,2021-04-25 13:21:12.754
addPatient,2021-04-25 13:21:12.769
viewPatient,2021-04-25 13:21:17.468
addPatient,2021-04-25 13:21:26.241
addPatient,2021-04-25 13:21:26.257
viewPatient,2021-04-25 13:21:30.311
addPatient,2021-04-25 13:23:19.838
addPatient,2021-04-25 13:23:19.855
viewPatient,2021-04-25 13:23:29.424
addPatient,2021-04-25 13:23:46.748
addPatient,2021-04-25 13:23:46.769
viewPatient,2021-04-25 13:24:00.165
addPatient,2021-04-25 13:24:17.293
addPatient,2021-04-25 13:24:17.309
viewPatient,2021-04-25 13:24:23.529
addPatient,2021-04-25 13:25:47.711
viewPatient,2021-04-25 13:25:52.501
addPatient,2021-04-25 13:29:49.134
addPatient,2021-04-25 13:29:49.149
viewPatient,2021-04-25 13:29:54.197
addPatient,2021-04-25 13:30:05.341
addPatient,2021-04-25 13:30:05.36
addPatient,2021-04-25 13:30:48.303
viewPatient,2021-04-25 13:30:51.842
addPatient,2021-04-25 13:31:05.596
addPatient,2021-04-25 13:31:05.616
addPatient,2021-04-25 13:31:05.616
viewPatient,2021-04-25 13:31:09.752
addPatient,2021-04-25 13:35:13.628
addPatient,2021-04-25 13:35:13.646
viewStaff,2021-04-25 13:35:18.376
viewPatient,2021-04-25 13:35:23.459
addPatient,2021-04-25 13:36:06.992
viewPatient,2021-04-25 13:36:10.486
addPatient,2021-04-25 13:40:15.903
addPatient,2021-04-25 13:40:15.918
viewPatient,2021-04-25 13:40:23.132
addPatient,2021-04-25 13:40:48.967
viewPatient,2021-04-25 13:40:52.913
addPatient,2021-04-25 13:41:30.769
addPatient,2021-04-25 13:41:30.784
addPatient,2021-04-25 13:41:30.784
addPatient,2021-04-25 13:41:40.75
addPatient,2021-04-25 13:41:40.77
viewPatient,2021-04-25 13:41:49.501
addPatient,2021-04-25 13:42:10.933
viewPatient,2021-04-25 13:42:15.116
addPatient,2021-04-25 13:42:23.921
addPatient,2021-04-25 13:42:23.937
addPatient,2021-04-25 13:42:23.937
viewPatient,2021-04-25 13:42:28.002
showOverview,2021-04-25 13:42:32.965
addPatient,2021-04-25 14:05:27.541
addPatient,2021-04-25 14:05:27.578
addPatient,2021-04-25 14:05:27.578
addAssistant,2021-04-25 14:06:01.24
addAssistant,2021-04-25 14:06:40.658
viewStaff,2021-04-25 14:06:44.117
viewPatient,2021-04-25 14:06:58.158
showOverview,2021-04-25 14:07:10.34
addPatient,2021-04-25 14:07:26.43
addPatient,2021-04-25 14:07:26.444
addPatient,2021-04-25 14:07:26.444
addAssistant,2021-04-25 14:07:26.446
addAssistant,2021-04-25 14:07:26.446
viewStaff,2021-04-25 14:07:31.44
showOverview,2021-04-25 14:07:43.916
addPatient,2021-04-25 14:17:31.739
addPatient,2021-04-25 14:17:31.754
addPatient,2021-04-25 14:17:31.755
addAssistant,2021-04-25 14:17:31.756
addAssistant,2021-04-25 14:17:31.756
showOverview,2021-04-25 14:17:42.559
addDoctor,2021-04-25 14:18:22.052
addDoctor,2021-04-25 14:20:33.531
viewStaff,2021-04-25 14:20:36.766
showOverview,2021-04-25 14:20:55.831
statsStaff,2021-04-25 14:21:03.77
addPatient,2021-04-25 14:21:30.675
addPatient,2021-04-25 14:21:30.695
addPatient,2021-04-25 14:21:30.696
addAssistant,2021-04-25 14:21:30.697
addAssistant,2021-04-25 14:21:30.697
addDoctor,2021-04-25 14:21:30.698
addDoctor,2021-04-25 14:21:30.698
showOverview,2021-04-25 14:21:33.606
viewStaff,2021-04-25 14:21:38.643
addPatient,2021-04-25 19:00:53.985
addPatient,2021-04-25 19:00:54.016
addPatient,2021-04-25 19:00:54.016
addAssistant,2021-04-25 19:00:54.018
addAssistant,2021-04-25 19:00:54.018
addDoctor,2021-04-25 19:00:54.019
addDoctor,2021-04-25 19:00:54.02
showOverview,2021-04-25 19:01:00.959
addConsultation,2021-04-25 19:01:36.273
viewPatient,2021-04-25 19:01:40.732
addConsultation,2021-04-25 19:02:34.878
viewAppointment,2021-04-25 19:02:40.681
showOverview,2021-04-25 19:02:46.391
addPatient,2021-04-25 19:03:18.671
addPatient,2021-04-25 19:03:18.686
addPatient,2021-04-25 19:03:18.686
addAssistant,2021-04-25 19:03:18.687
addAssistant,2021-04-25 19:03:18.688
addDoctor,2021-04-25 19:03:18.688
addDoctor,2021-04-25 19:03:18.688
addConsultation,2021-04-25 19:03:18.689
addConsultation,2021-04-25 19:03:18.69
showOverview,2021-04-25 19:03:22.468
viewAppointment,2021-04-25 19:03:27.909
statsAppointments,2021-04-25 19:03:48.408
addPatient,2021-04-25 19:36:35.863
addPatient,2021-04-25 19:36:35.878
addPatient,2021-04-25 19:36:35.878
addAssistant,2021-04-25 19:36:35.88
addAssistant,2021-04-25 19:36:35.88
addDoctor,2021-04-25 19:36:35.881
addDoctor,2021-04-25 19:36:35.881
addConsultation,2021-04-25 19:36:35.882
addConsultation,2021-04-25 19:36:35.882
addPatient,2021-04-25 19:37:50.678
addPatient,2021-04-25 19:37:50.699
addPatient,2021-04-25 19:37:50.699
addAssistant,2021-04-25 19:37:50.701
addAssistant,2021-04-25 19:37:50.702
addDoctor,2021-04-25 19:37:50.703
addDoctor,2021-04-25 19:37:50.703
addConsultation,2021-04-25 19:37:50.704
addConsultation,2021-04-25 19:37:50.704
showOverview,2021-04-25 19:44:53.052
viewStaff,2021-04-25 19:45:44.159
addSurgery,2021-04-25 19:46:15.51
addSurgery,2021-04-25 19:47:43.251
showOverview,2021-04-25 19:47:46.274
statsAppointments,2021-04-25 19:47:54.344
viewAppointment,2021-04-25 19:48:00.79
addPatient,2021-04-25 19:48:44.161
addPatient,2021-04-25 19:48:44.181
addPatient,2021-04-25 19:48:44.181
addAssistant,2021-04-25 19:48:44.183
addAssistant,2021-04-25 19:48:44.183
addDoctor,2021-04-25 19:48:44.183
addDoctor,2021-04-25 19:48:44.184
addConsultation,2021-04-25 19:48:44.185
addConsultation,2021-04-25 19:48:44.185
addSurgery,2021-04-25 19:48:44.186
addSurgery,2021-04-25 19:48:44.186
showOverview,2021-04-25 19:48:48.028
statsAppointments,2021-04-25 19:48:53.07
viewAppointment,2021-04-25 19:48:58.033
addPatient,2021-04-25 19:49:52.523
addPatient,2021-04-25 19:49:52.539
addPatient,2021-04-25 19:49:52.539
addAssistant,2021-04-25 19:49:52.541
addAssistant,2021-04-25 19:49:52.541
addDoctor,2021-04-25 19:49:52.542
addDoctor,2021-04-25 19:49:52.542
addConsultation,2021-04-25 19:49:52.543
addConsultation,2021-04-25 19:49:52.543
addSurgery,2021-04-25 19:49:52.544
addSurgery,2021-04-25 19:49:52.545
viewStaff,2021-04-25 19:49:56.496
addPatient,2021-05-23 11:44:54.901
addPatient,2021-05-23 11:44:54.933
addPatient,2021-05-23 11:44:54.934
addAssistant,2021-05-23 11:44:54.936
addAssistant,2021-05-23 11:44:54.937
addDoctor,2021-05-23 11:44:54.939
addDoctor,2021-05-23 11:44:54.939
addConsultation,2021-05-23 11:44:54.942
addConsultation,2021-05-23 11:44:54.945
addSurgery,2021-05-23 11:44:54.947
addSurgery,2021-05-23 11:44:54.948
addPatient,2021-05-23 11:45:36.657
addPatient,2021-05-23 11:47:11.697
addPatient,2021-05-23 11:47:11.71
addPatient,2021-05-23 11:47:11.71
addAssistant,2021-05-23 11:47:11.711
addAssistant,2021-05-23 11:47:11.712
addDoctor,2021-05-23 11:47:11.713
addDoctor,2021-05-23 11:47:11.713
addConsultation,2021-05-23 11:47:11.714
addConsultation,2021-05-23 11:47:11.715
addSurgery,2021-05-23 11:47:11.715
addSurgery,2021-05-23 11:47:11.716
addPatient,2021-05-23 11:47:47.291
addPatient,2021-05-23 11:49:02.928
addPatient,2021-05-23 11:49:02.941
addPatient,2021-05-23 11:49:02.957
addAssistant,2021-05-23 11:49:02.959
addAssistant,2021-05-23 11:49:02.959
addDoctor,2021-05-23 11:49:02.96
addDoctor,2021-05-23 11:49:02.96
addConsultation,2021-05-23 11:49:02.961
addConsultation,2021-05-23 11:49:02.961
addSurgery,2021-05-23 11:49:02.962
addSurgery,2021-05-23 11:49:02.962
addPatient,2021-05-23 11:49:22.004
addPatient,2021-05-23 11:52:29.648
addPatient,2021-05-23 11:52:29.674
addPatient,2021-05-23 11:52:29.674
addPatient,2021-05-23 11:52:29.674
addAssistant,2021-05-23 11:52:29.676
addAssistant,2021-05-23 11:52:29.677
addDoctor,2021-05-23 11:52:29.678
addDoctor,2021-05-23 11:52:29.678
addConsultation,2021-05-23 11:52:29.679
addConsultation,2021-05-23 11:52:29.679
addSurgery,2021-05-23 11:52:29.68
addSurgery,2021-05-23 11:52:29.681
addPatient,2021-05-23 11:53:18.887
addPatient,2021-05-23 19:05:57.201
addPatient,2021-05-23 19:05:57.23
addPatient,2021-05-23 19:05:57.23
addPatient,2021-05-23 19:05:57.231
addPatient,2021-05-23 19:05:57.231
addAssistant,2021-05-23 19:05:57.234
addAssistant,2021-05-23 19:05:57.235
addDoctor,2021-05-23 19:05:57.236
addDoctor,2021-05-23 19:05:57.236
addConsultation,2021-05-23 19:05:57.238
addConsultation,2021-05-23 19:05:57.238
addSurgery,2021-05-23 19:05:57.239
addSurgery,2021-05-23 19:05:57.239
addPatient,2021-05-23 19:08:01.661
addPatient,2021-05-23 19:08:01.681
addPatient,2021-05-23 19:08:01.682
addPatient,2021-05-23 19:08:01.682
addPatient,2021-05-23 19:08:01.683
addAssistant,2021-05-23 19:08:01.685
addAssistant,2021-05-23 19:08:01.685
addDoctor,2021-05-23 19:08:01.687
addDoctor,2021-05-23 19:08:01.687
addConsultation,2021-05-23 19:08:01.688
addConsultation,2021-05-23 19:08:01.689
addSurgery,2021-05-23 19:08:01.69
addSurgery,2021-05-23 19:08:01.69
addPatient,2021-05-23 19:37:49.339
addPatient,2021-05-23 19:37:49.354
addPatient,2021-05-23 19:37:49.354
addPatient,2021-05-23 19:37:49.355
addPatient,2021-05-23 19:37:49.355
addAssistant,2021-05-23 19:37:49.357
addAssistant,2021-05-23 19:37:49.357
addDoctor,2021-05-23 19:37:49.358
addDoctor,2021-05-23 19:37:49.359
addConsultation,2021-05-23 19:37:49.36
addConsultation,2021-05-23 19:37:49.36
addSurgery,2021-05-23 19:37:49.361
addSurgery,2021-05-23 19:37:49.361
viewPatient,2021-05-23 19:38:08.633
updatePatient,2021-05-23 19:39:42.46
viewPatient,2021-05-23 19:39:47.34
addPatient,2021-05-23 19:41:45.427
addPatient,2021-05-23 19:41:45.441
addPatient,2021-05-23 19:41:45.442
addPatient,2021-05-23 19:41:45.442
addPatient,2021-05-23 19:41:45.442
addAssistant,2021-05-23 19:41:45.443
addAssistant,2021-05-23 19:41:45.444
addDoctor,2021-05-23 19:41:45.445
addDoctor,2021-05-23 19:41:45.445
addConsultation,2021-05-23 19:41:45.446
addConsultation,2021-05-23 19:41:45.446
addSurgery,2021-05-23 19:41:45.447
addSurgery,2021-05-23 19:41:45.448
removePatient,2021-05-23 19:41:54.184
viewPatient,2021-05-23 19:42:16.707
addPatient,2021-05-23 19:43:00.535
addPatient,2021-05-23 19:43:00.548
addPatient,2021-05-23 19:43:00.549
addPatient,2021-05-23 19:43:00.549
addPatient,2021-05-23 19:43:00.549
addAssistant,2021-05-23 19:43:00.55
addAssistant,2021-05-23 19:43:00.551
addDoctor,2021-05-23 19:43:00.551
addDoctor,2021-05-23 19:43:00.552
addConsultation,2021-05-23 19:43:00.553
addConsultation,2021-05-23 19:43:00.553
addSurgery,2021-05-23 19:43:00.554
addSurgery,2021-05-23 19:43:00.555
removePatient,2021-05-23 19:43:06.38
addPatient,2021-05-23 19:44:04.01
addPatient,2021-05-23 19:44:04.026
addPatient,2021-05-23 19:44:04.026
addPatient,2021-05-23 19:44:04.027
addPatient,2021-05-23 19:44:04.027
addAssistant,2021-05-23 19:44:04.029
addAssistant,2021-05-23 19:44:04.029
addDoctor,2021-05-23 19:44:04.03
addDoctor,2021-05-23 19:44:04.03
addConsultation,2021-05-23 19:44:04.031
addConsultation,2021-05-23 19:44:04.032
addSurgery,2021-05-23 19:44:04.033
addSurgery,2021-05-23 19:44:04.033
removePatient,2021-05-23 19:44:12.42
viewPatient,2021-05-23 19:44:27.264
addPatient,2021-05-23 19:44:48.565
addPatient,2021-05-23 19:44:48.584
addPatient,2021-05-23 19:44:48.585
addPatient,2021-05-23 19:44:48.585
addAssistant,2021-05-23 19:44:48.586
addAssistant,2021-05-23 19:44:48.6
addDoctor,2021-05-23 19:44:48.601
addDoctor,2021-05-23 19:44:48.601
addConsultation,2021-05-23 19:44:48.603
addConsultation,2021-05-23 19:44:48.603
addSurgery,2021-05-23 19:44:48.604
addSurgery,2021-05-23 19:44:48.604
updatePatient,2021-05-23 19:44:59.441
addPatient,2021-05-23 19:45:21.242
addPatient,2021-05-23 19:45:21.255
addPatient,2021-05-23 19:45:21.256
addPatient,2021-05-23 19:45:21.256
addAssistant,2021-05-23 19:45:21.257
addAssistant,2021-05-23 19:45:21.258
addDoctor,2021-05-23 19:45:21.258
addDoctor,2021-05-23 19:45:21.258
addConsultation,2021-05-23 19:45:21.259
addConsultation,2021-05-23 19:45:21.26
addSurgery,2021-05-23 19:45:21.26
addSurgery,2021-05-23 19:45:21.261
updatePatient,2021-05-23 19:45:31.978
addPatient,2021-05-23 19:46:24.116
addPatient,2021-05-23 19:46:24.131
addPatient,2021-05-23 19:46:24.131
addPatient,2021-05-23 19:46:24.131
addAssistant,2021-05-23 19:46:24.132
addAssistant,2021-05-23 19:46:24.133
addDoctor,2021-05-23 19:46:24.134
addDoctor,2021-05-23 19:46:24.134
addConsultation,2021-05-23 19:46:24.135
addConsultation,2021-05-23 19:46:24.135
addSurgery,2021-05-23 19:46:24.136
addSurgery,2021-05-23 19:46:24.136
updatePatient,2021-05-23 19:46:32.824
addPatient,2021-05-23 19:46:54.532
addPatient,2021-05-23 19:46:54.553
addPatient,2021-05-23 19:46:54.553
addPatient,2021-05-23 19:46:54.553
addAssistant,2021-05-23 19:46:54.555
addAssistant,2021-05-23 19:46:54.555
addDoctor,2021-05-23 19:46:54.556
addDoctor,2021-05-23 19:46:54.556
addConsultation,2021-05-23 19:46:54.557
addConsultation,2021-05-23 19:46:54.557
addSurgery,2021-05-23 19:46:54.558
addSurgery,2021-05-23 19:46:54.558
updatePatient,2021-05-23 19:47:12.076
addPatient,2021-05-23 19:49:41.147
addPatient,2021-05-23 19:49:41.162
addPatient,2021-05-23 19:49:41.162
addPatient,2021-05-23 19:49:41.162
addAssistant,2021-05-23 19:49:41.164
addAssistant,2021-05-23 19:49:41.164
addDoctor,2021-05-23 19:49:41.165
addDoctor,2021-05-23 19:49:41.165
addConsultation,2021-05-23 19:49:41.166
addConsultation,2021-05-23 19:49:41.167
addSurgery,2021-05-23 19:49:41.168
addSurgery,2021-05-23 19:49:41.168
updatePatient,2021-05-23 19:49:52.44
addPatient,2021-05-23 19:50:23.655
addPatient,2021-05-23 19:50:23.668
addPatient,2021-05-23 19:50:23.668
addPatient,2021-05-23 19:50:23.668
addAssistant,2021-05-23 19:50:23.67
addAssistant,2021-05-23 19:50:23.67
addDoctor,2021-05-23 19:50:23.671
addDoctor,2021-05-23 19:50:23.671
addConsultation,2021-05-23 19:50:23.672
addConsultation,2021-05-23 19:50:23.672
addSurgery,2021-05-23 19:50:23.673
addSurgery,2021-05-23 19:50:23.673
updatePatient,2021-05-23 19:50:32.938
addPatient,2021-05-23 19:55:22.047
addPatient,2021-05-23 19:55:22.062
addPatient,2021-05-23 19:55:22.062
addPatient,2021-05-23 19:55:22.062
addAssistant,2021-05-23 19:55:22.063
addAssistant,2021-05-23 19:55:22.064
addDoctor,2021-05-23 19:55:22.065
addDoctor,2021-05-23 19:55:22.065
addConsultation,2021-05-23 19:55:22.066
addConsultation,2021-05-23 19:55:22.067
addSurgery,2021-05-23 19:55:22.067
addSurgery,2021-05-23 19:55:22.068
updatePatient,2021-05-23 19:55:38.597
addPatient,2021-05-23 19:56:04.422
addPatient,2021-05-23 19:56:04.435
addPatient,2021-05-23 19:56:04.435
addPatient,2021-05-23 19:56:04.435
addAssistant,2021-05-23 19:56:04.437
addAssistant,2021-05-23 19:56:04.437
addDoctor,2021-05-23 19:56:04.438
addDoctor,2021-05-23 19:56:04.438
addConsultation,2021-05-23 19:56:04.44
addConsultation,2021-05-23 19:56:04.44
addSurgery,2021-05-23 19:56:04.441
addSurgery,2021-05-23 19:56:04.441
addPatient,2021-05-23 19:56:50.435
addPatient,2021-05-23 20:01:59.277
addPatient,2021-05-23 20:01:59.305
addPatient,2021-05-23 20:01:59.306
addPatient,2021-05-23 20:01:59.306
addAssistant,2021-05-23 20:01:59.307
addAssistant,2021-05-23 20:01:59.307
addDoctor,2021-05-23 20:01:59.308
addDoctor,2021-05-23 20:01:59.308
addConsultation,2021-05-23 20:01:59.309
addConsultation,2021-05-23 20:01:59.31
addSurgery,2021-05-23 20:01:59.31
addSurgery,2021-05-23 20:01:59.311
addPatient,2021-05-23 20:03:35.906
addPatient,2021-05-23 20:04:51.108
addPatient,2021-05-23 20:04:51.121
addPatient,2021-05-23 20:04:51.139
addPatient,2021-05-23 20:04:51.139
addAssistant,2021-05-23 20:04:51.141
addAssistant,2021-05-23 20:04:51.141
addDoctor,2021-05-23 20:04:51.142
addDoctor,2021-05-23 20:04:51.143
addConsultation,2021-05-23 20:04:51.144
addConsultation,2021-05-23 20:04:51.144
addSurgery,2021-05-23 20:04:51.145
addSurgery,2021-05-23 20:04:51.145
addPatient,2021-05-23 20:05:24.869
addPatient,2021-05-23 20:06:29.134
addPatient,2021-05-23 20:06:29.151
addPatient,2021-05-23 20:06:29.151
addPatient,2021-05-23 20:06:29.152
addAssistant,2021-05-23 20:06:29.154
addAssistant,2021-05-23 20:06:29.154
addDoctor,2021-05-23 20:06:29.155
addDoctor,2021-05-23 20:06:29.155
addConsultation,2021-05-23 20:06:29.156
addConsultation,2021-05-23 20:06:29.156
addSurgery,2021-05-23 20:06:29.158
addSurgery,2021-05-23 20:06:29.158
addPatient,2021-05-23 20:07:00.108
addPatient,2021-05-23 20:09:12.586
addPatient,2021-05-23 20:09:12.598
addPatient,2021-05-23 20:09:12.599
addPatient,2021-05-23 20:09:12.599
addAssistant,2021-05-23 20:09:12.6
addAssistant,2021-05-23 20:09:12.6
addDoctor,2021-05-23 20:09:12.601
addDoctor,2021-05-23 20:09:12.601
addConsultation,2021-05-23 20:09:12.602
addConsultation,2021-05-23 20:09:12.603
addSurgery,2021-05-23 20:09:12.604
addSurgery,2021-05-23 20:09:12.604
addPatient,2021-05-23 20:09:41.322
addPatient,2021-05-23 20:10:12.391
addPatient,2021-05-23 20:10:12.408
addPatient,2021-05-23 20:10:12.409
addPatient,2021-05-23 20:10:12.409
addPatient,2021-05-23 20:10:12.409
addAssistant,2021-05-23 20:10:12.411
addAssistant,2021-05-23 20:10:12.411
addDoctor,2021-05-23 20:10:12.412
addDoctor,2021-05-23 20:10:12.413
addConsultation,2021-05-23 20:10:12.414
addConsultation,2021-05-23 20:10:12.414
addSurgery,2021-05-23 20:10:12.415
addSurgery,2021-05-23 20:10:12.416
updatePatient,2021-05-23 20:10:32.326
addPatient,2021-05-23 20:12:16.525
addPatient,2021-05-23 20:12:16.541
addPatient,2021-05-23 20:12:16.541
addPatient,2021-05-23 20:12:16.542
addPatient,2021-05-23 20:12:16.542
addAssistant,2021-05-23 20:12:16.544
addAssistant,2021-05-23 20:12:16.544
addDoctor,2021-05-23 20:12:16.545
addDoctor,2021-05-23 20:12:16.545
addConsultation,2021-05-23 20:12:16.547
addConsultation,2021-05-23 20:12:16.547
addSurgery,2021-05-23 20:12:16.548
addSurgery,2021-05-23 20:12:16.548
addPatient,2021-05-23 23:01:26.595
addPatient,2021-05-23 23:01:26.716
addPatient,2021-05-23 23:01:26.717
addPatient,2021-05-23 23:01:26.717
addPatient,2021-05-23 23:01:26.718
addAssistant,2021-05-23 23:01:26.72
addAssistant,2021-05-23 23:01:26.72
addDoctor,2021-05-23 23:01:26.721
addDoctor,2021-05-23 23:01:26.722
addConsultation,2021-05-23 23:01:26.723
addConsultation,2021-05-23 23:01:26.724
addSurgery,2021-05-23 23:01:26.725
addSurgery,2021-05-23 23:01:26.725
updatePatient,2021-05-23 23:01:41.986
viewPatient,2021-05-23 23:01:47.466
addPatient,2021-05-24 10:42:41.9
addPatient,2021-05-24 10:42:41.936
addPatient,2021-05-24 10:42:41.936
addPatient,2021-05-24 10:42:41.937
addPatient,2021-05-24 10:42:41.937
addAssistant,2021-05-24 10:42:41.952
addAssistant,2021-05-24 10:42:41.952
addDoctor,2021-05-24 10:42:41.957
addDoctor,2021-05-24 10:42:41.957
addConsultation,2021-05-24 10:42:41.97
addConsultation,2021-05-24 10:42:41.97
addSurgery,2021-05-24 10:42:41.977
addSurgery,2021-05-24 10:42:41.978
addDoctor,2021-05-24 10:43:38.32
addPatient,2021-05-24 10:44:50.481
addPatient,2021-05-24 10:44:50.496
addPatient,2021-05-24 10:44:50.496
addPatient,2021-05-24 10:44:50.497
addPatient,2021-05-24 10:44:50.497
addAssistant,2021-05-24 10:44:50.498
addAssistant,2021-05-24 10:44:50.499
addDoctor,2021-05-24 10:44:50.5
addDoctor,2021-05-24 10:44:50.5
addConsultation,2021-05-24 10:44:50.502
addConsultation,2021-05-24 10:44:50.502
addSurgery,2021-05-24 10:44:50.503
addSurgery,2021-05-24 10:44:50.503
addDoctor,2021-05-24 10:45:26.848
viewStaff,2021-05-24 10:45:45.623
updateStaff,2021-05-24 10:46:04.983
viewStaff,2021-05-24 10:46:09.014
addDoctor,2021-05-24 10:46:53.128
removeStaff,2021-05-24 10:47:02.81
viewStaff,2021-05-24 10:47:12.205
addAssistant,2021-05-24 10:48:10.733
addPatient,2021-05-24 10:51:11.131
addPatient,2021-05-24 10:51:11.144
addPatient,2021-05-24 10:51:11.145
addPatient,2021-05-24 10:51:11.145
addPatient,2021-05-24 10:51:11.145
addAssistant,2021-05-24 10:51:11.147
addAssistant,2021-05-24 10:51:11.147
addDoctor,2021-05-24 10:51:11.148
addDoctor,2021-05-24 10:51:11.148
addDoctor,2021-05-24 10:51:11.149
addConsultation,2021-05-24 10:51:11.15
addConsultation,2021-05-24 10:51:11.15
addSurgery,2021-05-24 10:51:11.151
addSurgery,2021-05-24 10:51:11.151
addAssistant,2021-05-24 10:51:42.878
addPatient,2021-05-24 10:53:46.067
addPatient,2021-05-24 10:53:46.086
addPatient,2021-05-24 10:53:46.086
addPatient,2021-05-24 10:53:46.086
addPatient,2021-05-24 10:53:46.087
addAssistant,2021-05-24 10:53:46.088
addAssistant,2021-05-24 10:53:46.088
addDoctor,2021-05-24 10:53:46.09
addDoctor,2021-05-24 10:53:46.09
addDoctor,2021-05-24 10:53:46.09
addConsultation,2021-05-24 10:53:46.091
addConsultation,2021-05-24 10:53:46.091
addSurgery,2021-05-24 10:53:46.092
addSurgery,2021-05-24 10:53:46.092
addAssistant,2021-05-24 10:54:17.828
addPatient,2021-05-24 10:55:17.267
addPatient,2021-05-24 10:55:17.282
addPatient,2021-05-24 10:55:17.282
addPatient,2021-05-24 10:55:17.283
addPatient,2021-05-24 10:55:17.283
addAssistant,2021-05-24 10:55:17.285
addAssistant,2021-05-24 10:55:17.285
addDoctor,2021-05-24 10:55:17.286
addDoctor,2021-05-24 10:55:17.286
addDoctor,2021-05-24 10:55:17.287
addConsultation,2021-05-24 10:55:17.288
addConsultation,2021-05-24 10:55:17.288
addSurgery,2021-05-24 10:55:17.289
addSurgery,2021-05-24 10:55:17.289
addAssistant,2021-05-24 10:56:17.717
updateStaff,2021-05-24 10:56:50.369
addPatient,2021-05-24 11:04:17.899
addPatient,2021-05-24 11:04:17.925
addPatient,2021-05-24 11:04:17.925
addPatient,2021-05-24 11:04:17.926
addPatient,2021-05-24 11:04:17.926
addAssistant,2021-05-24 11:04:17.927
addAssistant,2021-05-24 11:04:17.928
addAssistant,2021-05-24 11:04:17.928
addDoctor,2021-05-24 11:04:17.929
addDoctor,2021-05-24 11:04:17.929
addDoctor,2021-05-24 11:04:17.93
addConsultation,2021-05-24 11:04:17.931
addConsultation,2021-05-24 11:04:17.931
addSurgery,2021-05-24 11:04:17.932
addSurgery,2021-05-24 11:04:17.932
addDoctor,2021-05-24 11:05:00.234
addPatient,2021-05-24 11:08:11.267
addPatient,2021-05-24 11:08:11.282
addPatient,2021-05-24 11:08:11.283
addPatient,2021-05-24 11:08:11.283
addPatient,2021-05-24 11:08:11.283
addAssistant,2021-05-24 11:08:11.285
addAssistant,2021-05-24 11:08:11.285
addAssistant,2021-05-24 11:08:11.285
addDoctor,2021-05-24 11:08:11.286
addDoctor,2021-05-24 11:08:11.286
addDoctor,2021-05-24 11:08:11.286
addConsultation,2021-05-24 11:08:11.287
addConsultation,2021-05-24 11:08:11.288
addSurgery,2021-05-24 11:08:11.288
addSurgery,2021-05-24 11:08:11.288
addDoctor,2021-05-24 11:08:52.03
addPatient,2021-05-24 11:09:16.53
addPatient,2021-05-24 11:09:16.549
addPatient,2021-05-24 11:09:16.549
addPatient,2021-05-24 11:09:16.549
addPatient,2021-05-24 11:09:16.549
addAssistant,2021-05-24 11:09:16.551
addAssistant,2021-05-24 11:09:16.551
addAssistant,2021-05-24 11:09:16.551
addDoctor,2021-05-24 11:09:16.552
addDoctor,2021-05-24 11:09:16.553
addDoctor,2021-05-24 11:09:16.553
addConsultation,2021-05-24 11:09:16.554
addConsultation,2021-05-24 11:09:16.554
addSurgery,2021-05-24 11:09:16.555
addSurgery,2021-05-24 11:09:16.555
addDoctor,2021-05-24 11:09:49.59
viewStaff,2021-05-24 11:09:59.036
addPatient,2021-05-24 11:42:44.11
addPatient,2021-05-24 11:42:44.133
addPatient,2021-05-24 11:42:44.133
addPatient,2021-05-24 11:42:44.134
addPatient,2021-05-24 11:42:44.134
addAssistant,2021-05-24 11:42:44.135
addAssistant,2021-05-24 11:42:44.136
addAssistant,2021-05-24 11:42:44.136
addDoctor,2021-05-24 11:42:44.137
addDoctor,2021-05-24 11:42:44.137
addDoctor,2021-05-24 11:42:44.137
addDoctor,2021-05-24 11:42:44.137
addConsultation,2021-05-24 11:42:44.138
addConsultation,2021-05-24 11:42:44.139
addSurgery,2021-05-24 11:42:44.139
addSurgery,2021-05-24 11:42:44.14
addConsultation,2021-05-24 11:47:20.648
updateAppointment,2021-05-24 11:47:58.66
addConsultation,2021-05-24 11:48:53.333
removeAppointment,2021-05-24 11:49:11.142
viewAppointment,2021-05-24 11:49:22.676
